link,has_been_scrapped
https://www.booking.com/hotel/fr/elyseesunion.es.html,1
https://www.booking.com/hotel/fr/hoteldecastiglione.es.html,1
https://www.booking.com/hotel/fr/citizenm-paris-gare-de-lyon.es.html,1
https://www.booking.com/hotel/fr/tour-eiffel.es.html,1
https://www.booking.com/hotel/fr/meininger-paris-porte-de-vincennes.es.html,1
https://www.booking.com/hotel/fr/hotelelyseesceramic.es.html,1
https://www.booking.com/hotel/fr/park-and-suites-grande-bibliotheque.es.html,1
https://www.booking.com/hotel/fr/parisbercyvillage.es.html,1
https://www.booking.com/hotel/fr/royal-garden-champs-elysees.es.html,1
https://www.booking.com/hotel/fr/novotel-paris-tour-eiffel.es.html,1
https://www.booking.com/hotel/fr/le-relais-du-marais.es.html,0
https://www.booking.com/hotel/fr/citadines-aparthotel-montmartre.es.html,0
https://www.booking.com/hotel/fr/motel-one-paris-porte-doree.es.html,1
https://www.booking.com/hotel/fr/dauphinesaintgermain.es.html,0
https://www.booking.com/hotel/fr/laz-39-spa-urbain-paris.es.html,0
https://www.booking.com/hotel/fr/ibis-budget-paris-la-villette.es.html,0
https://www.booking.com/hotel/fr/jeanne-d-39-arc-paris.es.html,0
https://www.booking.com/hotel/fr/moderne-du-temple.es.html,0
https://www.booking.com/hotel/fr/citadines-aparthotel-place-italie.es.html,0
https://www.booking.com/hotel/fr/ha-tel-magenta.es.html,0
https://www.booking.com/hotel/fr/mercure-paris-bercy.es.html,0
https://www.booking.com/hotel/fr/jarry-confort.es.html,0
https://www.booking.com/hotel/fr/paris-louis-blanc.es.html,0
https://www.booking.com/hotel/fr/hotelterminuslyon.es.html,0
https://www.booking.com/hotel/fr/tourisme-ha-tel.es.html,0
https://www.booking.com/hotel/fr/secret-de-paris-design-boutique.es.html,0
https://www.booking.com/hotel/fr/ibis-style-paris-place-italie.es.html,0
https://www.booking.com/hotel/fr/kyriad-paris-xix-la-villette.es.html,0
https://www.booking.com/hotel/fr/novotel-paris-les-halles.es.html,0
https://www.booking.com/hotel/fr/citadines-aparthotel-tour-eiffel.es.html,0
https://www.booking.com/hotel/fr/palym.es.html,0
https://www.booking.com/hotel/fr/opera-diamond.es.html,0
https://www.booking.com/hotel/fr/off-paris-seine.es.html,0
https://www.booking.com/hotel/fr/hotel-ohm-by-happyculture.es.html,0
https://www.booking.com/hotel/fr/citadines-aparthotel-bastillemarais.es.html,0
https://www.booking.com/hotel/fr/st-christopher-s-inn-paris-gare-du-nord.es.html,0
https://www.booking.com/hotel/fr/alfred-sommier.es.html,0
https://www.booking.com/hotel/fr/lord-byron.es.html,0
https://www.booking.com/hotel/fr/comfort-paris-la-fayette.es.html,0
https://www.booking.com/hotel/fr/beauchamps.es.html,0
https://www.booking.com/hotel/fr/hotelparismontparn.es.html,0
https://www.booking.com/hotel/fr/pavillon-opera-lafayette.es.html,0
https://www.booking.com/hotel/fr/emile-paris.es.html,0
https://www.booking.com/hotel/fr/hotelkyriaditaliegobelins.es.html,0
https://www.booking.com/hotel/fr/mgallery-molitor.es.html,0
https://www.booking.com/hotel/fr/kyriad-montmartre.es.html,0
https://www.booking.com/hotel/fr/citadines-aparthotel-paris-voltaire-republique.es.html,0
https://www.booking.com/hotel/fr/le-cardinal-paris.es.html,0
https://www.booking.com/hotel/fr/square-louvois-paris.es.html,0
https://www.booking.com/hotel/fr/de-sevigne-paris.es.html,0
https://www.booking.com/hotel/fr/timquartierlatinpantheo.es.html,0
https://www.booking.com/hotel/fr/de-l-empereir.es.html,0
https://www.booking.com/hotel/fr/montecristo-paris.es.html,0
https://www.booking.com/hotel/fr/la-lanterne-paris.es.html,0
https://www.booking.com/hotel/fr/royal-madeleine-paris.es.html,0
https://www.booking.com/hotel/fr/hipotel-paris-belfort.es.html,0
https://www.booking.com/hotel/fr/bonne-nouvelle.es.html,0
https://www.booking.com/hotel/fr/residence-charles-floquet.es.html,0
https://www.booking.com/hotel/fr/ibis-styles-paris-meteor-avenue-d-italie.es.html,0
https://www.booking.com/hotel/fr/ibis-paris-porte-de-montreuil.es.html,0
https://www.booking.com/hotel/fr/mercure-porte-de-versailles-vaugirard.es.html,0
https://www.booking.com/hotel/fr/des-batignolles.es.html,0
https://www.booking.com/hotel/fr/villaroyale.es.html,0
https://www.booking.com/hotel/fr/lademeure_paris.es.html,0
https://www.booking.com/hotel/fr/tilde.es.html,0
https://www.booking.com/hotel/fr/hotelistria.es.html,0
https://www.booking.com/hotel/fr/25hours-paris-terminus-nord.es.html,0
https://www.booking.com/hotel/fr/generator-paris.es.html,0
https://www.booking.com/hotel/fr/appart-39-odalys-paris-xvii.es.html,0
https://www.booking.com/hotel/fr/terminus-vaugirard.es.html,0
https://www.booking.com/hotel/fr/ibis-paris-place-d-italie.es.html,0
https://www.booking.com/hotel/fr/citadines-aparthotel-austerlitz.es.html,0
https://www.booking.com/hotel/fr/de-paris-montparnasse.es.html,0
https://www.booking.com/hotel/fr/appart-39-odalys-paris-montmartre.es.html,0
https://www.booking.com/hotel/fr/quality-hotel-abaca-paris-15eme.es.html,0
https://www.booking.com/hotel/fr/citadines-aparthotel-didotalesia.es.html,0
https://www.booking.com/hotel/fr/paris-bercy.es.html,0
https://www.booking.com/hotel/fr/the-hoxton-paris.es.html,0
https://www.booking.com/hotel/fr/tonic-du-louvre.es.html,0
https://www.booking.com/hotel/fr/jeff.es.html,0
https://www.booking.com/hotel/fr/europesaintseverin.es.html,0
https://www.booking.com/hotel/fr/claude-bernard-saint-germain.es.html,0
https://www.booking.com/hotel/fr/holiday-inn-express-paris-canal-de-la-villette.es.html,0
https://www.booking.com/hotel/fr/mattle.es.html,0
https://www.booking.com/hotel/fr/lehameaudepassy.es.html,0
https://www.booking.com/hotel/fr/galileo.es.html,0
https://www.booking.com/hotel/fr/sully-paris.es.html,0
https://www.booking.com/hotel/fr/coypel.es.html,0
https://www.booking.com/hotel/fr/britannique-paris.es.html,0
https://www.booking.com/hotel/fr/relaisgaredelyon.es.html,0
https://www.booking.com/hotel/fr/hotel-the-playce-by-happyculture.es.html,0
https://www.booking.com/hotel/fr/louvresainthonore.es.html,0
https://www.booking.com/hotel/fr/hotelduboisparis.es.html,0
https://www.booking.com/hotel/fr/luxelthe.es.html,0
https://www.booking.com/hotel/fr/de-la-bourdonnais.es.html,0
https://www.booking.com/hotel/fr/park-lane-paris.es.html,0
https://www.booking.com/hotel/fr/hyatt-regency-paris-etoile.es.html,0
https://www.booking.com/hotel/fr/folkestone-opera.es.html,0
https://www.booking.com/hotel/fr/des-ducs-de-bourgogne.es.html,0
https://www.booking.com/hotel/fr/eiffel-turenne.es.html,0
https://www.booking.com/hotel/fr/tipi.es.html,0
https://www.booking.com/hotel/fr/odeon-paris.es.html,0
https://www.booking.com/hotel/fr/ibis-gare-du-nord-chateau-landon.es.html,0
https://www.booking.com/hotel/fr/ibis-budget-porte-d-orleans-paris-14.es.html,0
https://www.booking.com/hotel/fr/ajiel.es.html,0
https://www.booking.com/hotel/fr/brach-paris.es.html,0
https://www.booking.com/hotel/fr/choiseul-opera.es.html,0
https://www.booking.com/hotel/fr/ibis-gare-de-lyon-diderot.es.html,0
https://www.booking.com/hotel/fr/le-faubourg-poissoniere.es.html,0
https://www.booking.com/hotel/fr/aston-paris.es.html,0
https://www.booking.com/hotel/fr/34b-astotel.es.html,0
https://www.booking.com/hotel/fr/paris-porte-d-orleans.es.html,0
https://www.booking.com/hotel/fr/express-by-holiday-inn-paris-place-d-italie.es.html,0
https://www.booking.com/hotel/fr/empire-paris.es.html,0
https://www.booking.com/hotel/fr/brighton.es.html,0
https://www.booking.com/hotel/fr/nation-montmartre.es.html,0
https://www.booking.com/hotel/fr/ramada-paris-toureiffel.es.html,0
https://www.booking.com/hotel/fr/mercure-paris-gare-de-lyon.es.html,0
https://www.booking.com/hotel/fr/de-l-universite.es.html,0
https://www.booking.com/hotel/fr/hotelalbe.es.html,0
https://www.booking.com/hotel/fr/normandyhotel.es.html,0
https://www.booking.com/hotel/fr/les-jardins-du-faubourg.es.html,0
https://www.booking.com/hotel/fr/r-kipling.es.html,0
https://www.booking.com/hotel/fr/de-blois.es.html,0
https://www.booking.com/hotel/fr/atlantic-paris.es.html,0
https://www.booking.com/hotel/fr/b-amp-b-porte-des-lilas.es.html,0
https://www.booking.com/hotel/fr/mary-s.es.html,0
https://www.booking.com/hotel/fr/hoteltoureiffel.es.html,0
https://www.booking.com/hotel/fr/hotelarcadie.es.html,0
https://www.booking.com/hotel/fr/timjardindesplantes.es.html,0
https://www.booking.com/hotel/fr/hotel-elysees-paris-france.es.html,0
https://www.booking.com/hotel/fr/qualys-paris-montmatre.es.html,0
https://www.booking.com/hotel/fr/suites-hotel-etoile-helzear.es.html,0
https://www.booking.com/hotel/fr/ferdinand.es.html,0
https://www.booking.com/hotel/fr/marignan.es.html,0
https://www.booking.com/hotel/fr/le-damantin-amp-spa.es.html,0
https://www.booking.com/hotel/fr/holiday-inn-paris-notre-dame.es.html,0
https://www.booking.com/hotel/fr/josephine.es.html,0
https://www.booking.com/hotel/fr/hotel-le-mathurin.es.html,0
https://www.booking.com/hotel/fr/de-roubaix.es.html,0
https://www.booking.com/hotel/fr/sofitel-le-faubourg.es.html,0
https://www.booking.com/hotel/fr/hotelbelgrand.es.html,0
https://www.booking.com/hotel/fr/best-western-premier-faubourg-88.es.html,0
https://www.booking.com/hotel/fr/academie.es.html,0
https://www.booking.com/hotel/fr/les-patios-du-marais.es.html,0
https://www.booking.com/hotel/fr/francais-paris.es.html,0
https://www.booking.com/hotel/fr/rose-bourbon.es.html,0
https://www.booking.com/hotel/fr/hotelf1-paris-porte-de-chatillon-paris.es.html,0
https://www.booking.com/hotel/fr/timmontparnasse.es.html,0
https://www.booking.com/hotel/fr/cujas.es.html,0
https://www.booking.com/hotel/fr/elysa-c-e-secret.es.html,0
https://www.booking.com/hotel/fr/liege-strasbourg.es.html,0
https://www.booking.com/hotel/fr/la-herse-d-or.es.html,0
https://www.booking.com/hotel/fr/short-stay-appartement-museum-view.es.html,0
https://www.booking.com/hotel/fr/best-western-nouvel-orleans.es.html,0
https://www.booking.com/hotel/fr/bailli-de-suffren-tour-eiffel.es.html,0
https://www.booking.com/hotel/fr/hotelleshautsdepassytrocaderoeiffel.es.html,0
https://www.booking.com/hotel/fr/les-jardins-de-la-villa.es.html,0
https://www.booking.com/hotel/fr/paris-bastille-opera.es.html,0
https://www.booking.com/hotel/fr/ibis-paris-grands-boulevards-opa-c-ra-9e.es.html,0
https://www.booking.com/hotel/fr/all-seasons-paris-tolbiac-bibliotheque-de-france.es.html,0
https://www.booking.com/hotel/fr/residhome-paris-gare-de-lyon-jacqueline-de-romilly.es.html,0
https://www.booking.com/hotel/fr/pullman-paris-bercy.es.html,0
https://www.booking.com/hotel/fr/hyatt-paris-madeleine.es.html,0
https://www.booking.com/hotel/fr/ascott-arc-de-triomphe-paris.es.html,0
https://www.booking.com/hotel/fr/eiffel-petit-louvre.es.html,0
https://www.booking.com/hotel/fr/modernestgermain.es.html,0
https://www.booking.com/hotel/fr/la-perle-montparnasse.es.html,0
https://www.booking.com/hotel/fr/grand-ha-tel-la-c-vaaque.es.html,0
https://www.booking.com/hotel/fr/hipotel-paris-sacre-coeur-olympiades.es.html,0
https://www.booking.com/hotel/fr/aberotel.es.html,0
https://www.booking.com/hotel/fr/pavillon-de-paris.es.html,0
https://www.booking.com/hotel/fr/apostrophe.es.html,0
https://www.booking.com/hotel/fr/portedeversaille.es.html,0
https://www.booking.com/hotel/fr/residhome-paris-rosa-parks.es.html,0
https://www.booking.com/hotel/fr/gtcayre.es.html,0
https://www.booking.com/hotel/fr/1-k-hotel.es.html,0
https://www.booking.com/hotel/fr/soft.es.html,0
https://www.booking.com/hotel/fr/ha-tel-cervantes.es.html,0
https://www.booking.com/hotel/fr/ha-tel-mazagran.es.html,0
https://www.booking.com/hotel/fr/citadines-aparthotel-trocadero.es.html,0
https://www.booking.com/hotel/fr/bestwesternfranceeurope.es.html,0
https://www.booking.com/hotel/fr/latour-maubourg.es.html,0
https://www.booking.com/hotel/fr/terrass-paris.es.html,0
https://www.booking.com/hotel/fr/ibis-paris-alesia-montparnasse.es.html,0
https://www.booking.com/hotel/fr/legeneral.es.html,0
https://www.booking.com/hotel/fr/yooma-urban-lodge.es.html,0
https://www.booking.com/hotel/fr/la-reserve-paris-amp-spa.es.html,0
https://www.booking.com/hotel/fr/apartments-du-marais.es.html,0
https://www.booking.com/hotel/fr/maison-albar-paris-celine.es.html,0
https://www.booking.com/hotel/fr/hotelinnova.es.html,0
https://www.booking.com/hotel/fr/du-lys.es.html,0
https://www.booking.com/hotel/fr/dream-opera.es.html,0
https://www.booking.com/hotel/fr/du-maine.es.html,0
https://www.booking.com/hotel/fr/citadines-aparthotel-maine-montparnasse.es.html,0
https://www.booking.com/hotel/fr/hotelopal.es.html,0
https://www.booking.com/hotel/fr/le-mareuil.es.html,0
https://www.booking.com/hotel/fr/du-mont-blanc.es.html,0
https://www.booking.com/hotel/fr/parissaintgermainpres.es.html,0
https://www.booking.com/hotel/fr/ibis-budget-paris-porte-de-vincennes.es.html,0
https://www.booking.com/hotel/fr/richard.es.html,0
https://www.booking.com/hotel/fr/du-bresil-75005-paris.es.html,0
https://www.booking.com/hotel/fr/de-l-avre.es.html,0
https://www.booking.com/hotel/fr/hotel-cordelia.es.html,0
https://www.booking.com/hotel/fr/d-argentine.es.html,0
https://www.booking.com/hotel/fr/grandhotelduhavre.es.html,0
https://www.booking.com/hotel/fr/lenox-montparnasse.es.html,0
https://www.booking.com/hotel/fr/novotel-paris-gare-montparnasse.es.html,0
https://www.booking.com/hotel/fr/scarlett.es.html,0
https://www.booking.com/hotel/fr/bestwesternmontcalmparis.es.html,0
https://www.booking.com/hotel/fr/gtoperanoailles.es.html,0
https://www.booking.com/hotel/fr/la-nouvelle-republique.es.html,0
https://www.booking.com/hotel/fr/declic.es.html,0
https://www.booking.com/hotel/fr/apartments-du-louvre.es.html,0
https://www.booking.com/hotel/fr/monceauwagram.es.html,0
https://www.booking.com/hotel/fr/kyriad-prestige-paris-le-209.es.html,0
https://www.booking.com/hotel/fr/residence-voltaire.es.html,0
https://www.booking.com/hotel/fr/bastille-faubourg-st-antoine.es.html,0
https://www.booking.com/hotel/fr/hoteldesarts.es.html,0
https://www.booking.com/hotel/fr/clarionstjames.es.html,0
https://www.booking.com/hotel/fr/flanelles-paris.es.html,0
https://www.booking.com/hotel/fr/du-quai-de-seine.es.html,0
https://www.booking.com/hotel/fr/amadeus-hotel.es.html,0
https://www.booking.com/hotel/fr/qualitypulitzeropera.es.html,0
https://www.booking.com/hotel/fr/placeclichy.es.html,0
https://www.booking.com/hotel/fr/de-flore-paris.es.html,0
https://www.booking.com/hotel/fr/hotel-montfleuri.es.html,0
https://www.booking.com/hotel/fr/st-christopher-s-inn-paris.es.html,0
https://www.booking.com/hotel/fr/citadines-aparthotel-saint-germain-des-pres.es.html,0
https://www.booking.com/hotel/fr/gardenelysee.es.html,0
https://www.booking.com/hotel/fr/comfort-inn-mouffetard-quartier-latin.es.html,0
https://www.booking.com/hotel/fr/paris-france.es.html,0
https://www.booking.com/hotel/fr/viator.es.html,0
https://www.booking.com/hotel/fr/alhambra-paris.es.html,0
https://www.booking.com/hotel/fr/first.es.html,0
https://www.booking.com/hotel/fr/cler-paris.es.html,0
https://www.booking.com/hotel/fr/ha-tel-atlantis.es.html,0
https://www.booking.com/hotel/fr/residence-de-bruxelles.es.html,0
https://www.booking.com/hotel/fr/les-patios-du-marais-2.es.html,0
https://www.booking.com/hotel/fr/ha-tel-ibis-paris-gare-de-lyon-ledru-rollin.es.html,0
https://www.booking.com/hotel/fr/sofitel-arc-de-triomphe.es.html,0
https://www.booking.com/hotel/fr/ascot.es.html,0
https://www.booking.com/hotel/fr/avenir-jonquiere.es.html,0
https://www.booking.com/hotel/fr/vaneau-saint-germain.es.html,0
https://www.booking.com/hotel/fr/rayz-eiffel.es.html,0
https://www.booking.com/hotel/fr/excelsior-latin.es.html,0
https://www.booking.com/hotel/fr/cour-des-vosges-paris12.es.html,0
https://www.booking.com/hotel/fr/bedford.es.html,0
https://www.booking.com/hotel/fr/jardindalesia.es.html,0
https://www.booking.com/hotel/fr/citotel-sport-hotel.es.html,0
https://www.booking.com/hotel/fr/elysees-bassano.es.html,0
https://www.booking.com/hotel/fr/parisxv.es.html,0
https://www.booking.com/hotel/fr/mogador-paris.es.html,0
https://www.booking.com/hotel/fr/whistler.es.html,0
https://www.booking.com/hotel/fr/parisianer.es.html,0
https://www.booking.com/hotel/fr/de-la-paix-paris1.es.html,0
https://www.booking.com/hotel/fr/holiday-inn-paris-bastille.es.html,0
https://www.booking.com/hotel/fr/euga-ne-en-ville.es.html,0
https://www.booking.com/hotel/fr/trema.es.html,0
https://www.booking.com/hotel/fr/observatoireluxembour.es.html,0
https://www.booking.com/hotel/fr/de-l-aveyron.es.html,0
https://www.booking.com/hotel/fr/hipotel-gambetta.es.html,0
https://www.booking.com/hotel/fr/best-western-plus-le-18-paris.es.html,0
https://www.booking.com/hotel/fr/nolinski-paris.es.html,0
https://www.booking.com/hotel/fr/comfort-hotel-gare-du-nord.es.html,0
https://www.booking.com/hotel/fr/au-coeur-du-marais-paris.es.html,0
https://www.booking.com/hotel/fr/courtyard-by-marriott-paris-gare-de-lyon.es.html,0
https://www.booking.com/hotel/fr/des-pyrenees.es.html,0
https://www.booking.com/hotel/fr/gtwashingtonopera.es.html,0
https://www.booking.com/hotel/fr/le-grand-ha-tel-de-normandie.es.html,0
https://www.booking.com/hotel/fr/rayz-private-suites.es.html,0
https://www.booking.com/hotel/fr/malteopera.es.html,0
https://www.booking.com/hotel/fr/kube.es.html,0
https://www.booking.com/hotel/fr/ha-marais.es.html,0
https://www.booking.com/hotel/fr/royal-phare.es.html,0
https://www.booking.com/hotel/fr/du-levant.es.html,0
https://www.booking.com/hotel/fr/libertel-austerlitz.es.html,0
https://www.booking.com/hotel/fr/carladez-cambronne.es.html,0
https://www.booking.com/hotel/fr/cluny-sorbonne.es.html,0
https://www.booking.com/hotel/fr/bestwesternautrocaderoparis.es.html,0
https://www.booking.com/hotel/fr/maison-breguet-paris.es.html,0
https://www.booking.com/hotel/fr/auberge-internationale-des-jeunes.es.html,0
https://www.booking.com/hotel/fr/d-39-argenson.es.html,0
https://www.booking.com/hotel/fr/le-pradey.es.html,0
https://www.booking.com/hotel/fr/faubourg-216-224.es.html,0
https://www.booking.com/hotel/fr/adriatic.es.html,0
https://www.booking.com/hotel/fr/de-france-paris1.es.html,0
https://www.booking.com/hotel/fr/snob-by-elegancia.es.html,0
https://www.booking.com/hotel/fr/apollon-montparnasse.es.html,0
https://www.booking.com/hotel/fr/residence-du-pre.es.html,0
https://www.booking.com/hotel/fr/hotusapanorama.es.html,0
https://www.booking.com/hotel/fr/pvbutteschaumont.es.html,0
https://www.booking.com/hotel/fr/lyric-ha-tel-paris.es.html,0
https://www.booking.com/hotel/fr/athenes.es.html,0
https://www.booking.com/hotel/fr/kensington.es.html,0
https://www.booking.com/hotel/fr/relaiseiffelgrenelle.es.html,0
https://www.booking.com/hotel/fr/le-glams-hotel.es.html,0
https://www.booking.com/hotel/fr/vendome-saint-germain-paris.es.html,0
https://www.booking.com/hotel/fr/hotel-jacques-de-molay.es.html,0
https://www.booking.com/hotel/fr/holiday-inn-paris-la-villette.es.html,0
https://www.booking.com/hotel/fr/media-paris.es.html,0
https://www.booking.com/hotel/fr/ha-tel-vic-eiffel.es.html,0
https://www.booking.com/hotel/fr/all-seasons-paris-republique.es.html,0
https://www.booking.com/hotel/fr/jardindeparismaraisbastille.es.html,0
https://www.booking.com/hotel/fr/adagio-access-paris-reuilly.es.html,0
https://www.booking.com/hotel/fr/hotel-cyrnos.es.html,0
https://www.booking.com/hotel/fr/aramis.es.html,0
https://www.booking.com/hotel/fr/lemerietoilepar.es.html,0
https://www.booking.com/hotel/fr/ha-tel-magellan.es.html,0
https://www.booking.com/hotel/fr/basile.es.html,0
https://www.booking.com/hotel/fr/les-matins-de-paris.es.html,0
https://www.booking.com/hotel/fr/hotelrelaisbosquet.es.html,0
https://www.booking.com/hotel/fr/mama-shelter.es.html,0
https://www.booking.com/hotel/fr/ha-tel-volney-opa-c-ra.es.html,0
https://www.booking.com/hotel/fr/residence-des-arts-paris.es.html,0
https://www.booking.com/hotel/fr/campanile-paris-xv-tour-eiffel.es.html,0
https://www.booking.com/hotel/fr/henriiv.es.html,0
https://www.booking.com/hotel/fr/du-lion-d-or.es.html,0
https://www.booking.com/hotel/fr/au-nouvel-hotel-lyon.es.html,0
https://www.booking.com/hotel/fr/ibis-paris-tour-montparnasse-15eme.es.html,0
https://www.booking.com/hotel/fr/hotel-plat-etain.es.html,0
https://www.booking.com/hotel/fr/meyerhold-amp-spa.es.html,0
https://www.booking.com/hotel/fr/relaislafayette.es.html,0
https://www.booking.com/hotel/fr/monge-paris7.es.html,0
https://www.booking.com/hotel/fr/ibis-canal-saint-martin.es.html,0
https://www.booking.com/hotel/fr/absolute.es.html,0
https://www.booking.com/hotel/fr/grey.es.html,0
https://www.booking.com/hotel/fr/serotellutece.es.html,0
https://www.booking.com/hotel/fr/saint-marc-paris.es.html,0
https://www.booking.com/hotel/fr/ibis-paris-montmartre.es.html,0
https://www.booking.com/hotel/fr/bestwesternfr.es.html,0
https://www.booking.com/hotel/fr/de-crillon-paris.es.html,0
https://www.booking.com/hotel/fr/du-vieux-marais.es.html,0
https://www.booking.com/hotel/fr/helzear-champs-elysa-c-es.es.html,0
https://www.booking.com/hotel/fr/edgar-suites-expo-paris-porte-de-versailles.es.html,0
https://www.booking.com/hotel/fr/les-bulles-de-paris.es.html,0
https://www.booking.com/hotel/fr/du-cadran.es.html,0
https://www.booking.com/hotel/fr/hotel-du-leman.es.html,0
https://www.booking.com/hotel/fr/westside-arc-de-triomphe.es.html,0
https://www.booking.com/hotel/fr/paris-la-sorbonne.es.html,0
https://www.booking.com/hotel/fr/saint-germain.es.html,0
https://www.booking.com/hotel/fr/hoteldereuillyparis.es.html,0
https://www.booking.com/hotel/fr/abbatial-st-germain.es.html,0
https://www.booking.com/hotel/fr/printania.es.html,0
https://www.booking.com/hotel/fr/four-seasons-george-v-paris.es.html,0
https://www.booking.com/hotel/fr/le-123-sa-c-bastopol.es.html,0
https://www.booking.com/hotel/fr/castille-paris.es.html,0
https://www.booking.com/hotel/fr/de-menilmontant.es.html,0
https://www.booking.com/hotel/fr/comforthotelsaintmartin.es.html,0
https://www.booking.com/hotel/fr/hotel-du-triangle-dor.es.html,0
https://www.booking.com/hotel/fr/mithouard-apartment.es.html,0
https://www.booking.com/hotel/fr/maison-du-pre.es.html,0
https://www.booking.com/hotel/fr/la-clef-champs-elysees-paris.es.html,0
https://www.booking.com/hotel/fr/des-arts-paris.es.html,0
https://www.booking.com/hotel/fr/choisy.es.html,0
https://www.booking.com/hotel/fr/moxy-paris-bastille.es.html,0
https://www.booking.com/hotel/fr/toureiffelparis.es.html,0
https://www.booking.com/hotel/fr/elysees.es.html,0
https://www.booking.com/hotel/fr/duo.es.html,0
https://www.booking.com/hotel/fr/hipotel-paris-bastille-saint-antoine.es.html,0
https://www.booking.com/hotel/fr/mercure-chateau-landon-gare-de-l-est.es.html,0
https://www.booking.com/hotel/fr/peyris-opera.es.html,0
https://www.booking.com/hotel/fr/les-2-girafes.es.html,0
https://www.booking.com/hotel/fr/tonic-saint-germain-des-pres.es.html,0
https://www.booking.com/hotel/fr/de-lille-louvre.es.html,0
https://www.booking.com/hotel/fr/agate.es.html,0
https://www.booking.com/hotel/fr/flaubert.es.html,0
https://www.booking.com/hotel/fr/vintimille.es.html,0
https://www.booking.com/hotel/fr/art-batignolles.es.html,0
https://www.booking.com/hotel/fr/du-midi-paris.es.html,0
https://www.booking.com/hotel/fr/le-claridge-champs-elysees-by-fraser-serviced-residences.es.html,0
https://www.booking.com/hotel/fr/opera-marigny.es.html,0
https://www.booking.com/hotel/fr/ibis-paris-tour-eiffel.es.html,0
https://www.booking.com/hotel/fr/riviera-elysees.es.html,0
https://www.booking.com/hotel/fr/de-venise.es.html,0
https://www.booking.com/hotel/fr/le-compostelle.es.html,0
https://www.booking.com/hotel/fr/le-walt.es.html,0
https://www.booking.com/hotel/fr/hotel-paris-bastille.es.html,0
https://www.booking.com/hotel/fr/little-regina.es.html,0
https://www.booking.com/hotel/fr/ha-tel-clairefontaine.es.html,0
https://www.booking.com/hotel/fr/derbyalma.es.html,0
https://www.booking.com/hotel/fr/gramont-opera.es.html,0
https://www.booking.com/hotel/fr/ha-tel-plaza-atha-c-na-c-e-paris.es.html,0
https://www.booking.com/hotel/fr/hotel-le-relais-saint-charles.es.html,0
https://www.booking.com/hotel/fr/hotelwaldorf.es.html,0
https://www.booking.com/hotel/fr/best-western-aurore.es.html,0
https://www.booking.com/hotel/fr/de-geneve.es.html,0
https://www.booking.com/hotel/fr/ibis-paris-gare-du-nord-la-fayette.es.html,0
https://www.booking.com/hotel/fr/villa-saxe-eiffel.es.html,0
https://www.booking.com/hotel/fr/dela-paix.es.html,0
https://www.booking.com/hotel/fr/solar.es.html,0
https://www.booking.com/hotel/fr/parc.es.html,0
https://www.booking.com/hotel/fr/de-la-poste-paris.es.html,0
https://www.booking.com/hotel/fr/idealhotel.es.html,0
https://www.booking.com/hotel/fr/provinces-opera.es.html,0
https://www.booking.com/hotel/fr/ibis-styles-paris-gare-de-l-est-tgv.es.html,0
https://www.booking.com/hotel/fr/terminus-montparnasse.es.html,0
https://www.booking.com/hotel/fr/kyriad-paris-10-canal-saint-martin-ra-c-publique-xml.es.html,0
https://www.booking.com/hotel/fr/la-sanguine.es.html,0
https://www.booking.com/hotel/fr/lesenatparis.es.html,0
https://www.booking.com/hotel/fr/bridget.es.html,0
https://www.booking.com/hotel/fr/madeleine-plaza.es.html,0
https://www.booking.com/hotel/fr/gat-folies.es.html,0
https://www.booking.com/hotel/fr/new-orient.es.html,0
https://www.booking.com/hotel/fr/citadines-aparthotel-louvre.es.html,0
https://www.booking.com/hotel/fr/hotellea.es.html,0
https://www.booking.com/hotel/fr/premierregentsgarden.es.html,0
https://www.booking.com/hotel/fr/joke-astotel.es.html,0
https://www.booking.com/hotel/fr/hotel-chaplain.es.html,0
https://www.booking.com/hotel/fr/anjou.es.html,0
https://www.booking.com/hotel/fr/lecantagrel.es.html,0
https://www.booking.com/hotel/fr/comfort-hotel-lamarck-caulaincourt.es.html,0
https://www.booking.com/hotel/fr/luxia.es.html,0
https://www.booking.com/hotel/fr/ideal-hotel-paris.es.html,0
https://www.booking.com/hotel/fr/best-western-louvre-piemont.es.html,0
https://www.booking.com/hotel/fr/fauchon-l-39.es.html,0
https://www.booking.com/hotel/fr/artus.es.html,0
https://www.booking.com/hotel/fr/best-western-eiffel-cambronne.es.html,0
https://www.booking.com/hotel/fr/eiffel-village-apartments-paris-centre.es.html,0
https://www.booking.com/hotel/fr/passagedubail.es.html,0
https://www.booking.com/hotel/fr/vestay-george-v.es.html,0
https://www.booking.com/hotel/fr/henri-4.es.html,0
https://www.booking.com/hotel/fr/relaislyonbastille.es.html,0
https://www.booking.com/hotel/fr/comfort-paris-18eme-saint-pierre.es.html,0
https://www.booking.com/hotel/fr/apartments-ws-saint-lazare-opera-paris.es.html,0
https://www.booking.com/hotel/fr/hilton-paris-opera.es.html,0
https://www.booking.com/hotel/fr/hotel-la-comtesse-by-elegancia.es.html,0
https://www.booking.com/hotel/fr/apollinaire-paris.es.html,0
https://www.booking.com/hotel/fr/mama-shelter-paris-west.es.html,0
https://www.booking.com/hotel/fr/kleber-paris.es.html,0
https://www.booking.com/hotel/fr/ha-tel-londres-saint-honora-c-paris.es.html,0
https://www.booking.com/hotel/fr/bastille-hostel.es.html,0
https://www.booking.com/hotel/fr/newton-opera.es.html,0
https://www.booking.com/hotel/fr/de-varenne-paris.es.html,0
https://www.booking.com/hotel/fr/de-sers.es.html,0
https://www.booking.com/hotel/fr/timhotel-paris-du-gare-du-nord.es.html,0
https://www.booking.com/hotel/fr/holiday-villa-lafayette-paris.es.html,0
https://www.booking.com/hotel/fr/hotelastrid.es.html,0
https://www.booking.com/hotel/fr/bradfordelysees.es.html,0
https://www.booking.com/hotel/fr/edmond.es.html,0
https://www.booking.com/hotel/fr/le-pigalle-paris2.es.html,0
https://www.booking.com/hotel/fr/les-jardins-de-mademoiselle-paris.es.html,0
https://www.booking.com/hotel/fr/le-ferdinand-le-marais-serviced-apartments.es.html,0
https://www.booking.com/hotel/fr/best-western-empire-elysees.es.html,0
https://www.booking.com/hotel/fr/parc-saint-severin.es.html,0
https://www.booking.com/hotel/fr/novotel-paris.es.html,0
https://www.booking.com/hotel/fr/ac-paris-porte-maillot-by-marriott.es.html,0
https://www.booking.com/hotel/fr/regina-paris1.es.html,0
https://www.booking.com/hotel/fr/des-grands-boulevards.es.html,0
https://www.booking.com/hotel/fr/victoria-paris.es.html,0
https://www.booking.com/hotel/fr/platine-hotel.es.html,0
https://www.booking.com/hotel/fr/saint-cyr-a-c-toile.es.html,0
https://www.booking.com/hotel/fr/claridge.es.html,0
https://www.booking.com/hotel/fr/modern-s.es.html,0
https://www.booking.com/hotel/fr/timoperamadeleine.es.html,0
https://www.booking.com/hotel/fr/hoteligny.es.html,0
https://www.booking.com/hotel/fr/lodge-in-mis.es.html,0
https://www.booking.com/hotel/fr/holidayinn-paris-auteuil.es.html,0
https://www.booking.com/hotel/fr/le-laumia-re.es.html,0
https://www.booking.com/hotel/fr/de-la-felicite-paris.es.html,0
https://www.booking.com/hotel/fr/plazaelysees.es.html,0
https://www.booking.com/hotel/fr/paris-ronceray-opera.es.html,0
https://www.booking.com/hotel/fr/passy-eiffel.es.html,0
https://www.booking.com/hotel/fr/scribe-paris.es.html,0
https://www.booking.com/hotel/fr/holiday-inn-paris-opera-grands-boulevards.es.html,0
https://www.booking.com/hotel/fr/eiffel-atlantique.es.html,0
https://www.booking.com/hotel/fr/ampere.es.html,0
https://www.booking.com/hotel/fr/paris-opera-garnier.es.html,0
https://www.booking.com/hotel/fr/royal-saint-michel.es.html,0
https://www.booking.com/hotel/fr/ha-tel-des-andelys.es.html,0
https://www.booking.com/hotel/fr/relaisdulouvre.es.html,0
https://www.booking.com/hotel/fr/select-paris.es.html,0
https://www.booking.com/hotel/fr/helussi.es.html,0
https://www.booking.com/hotel/fr/pvbercy.es.html,0
https://www.booking.com/hotel/fr/trianon-rive-gauche.es.html,0
https://www.booking.com/hotel/fr/grand-de-l-avenue-paris.es.html,0
https://www.booking.com/hotel/fr/citea-la-villette.es.html,0
https://www.booking.com/hotel/fr/comfort-paris-6eme-montparnasse.es.html,0
https://www.booking.com/hotel/fr/campparmainemontpar.es.html,0
https://www.booking.com/hotel/fr/kyriad-paris-18-porte-de-clignancourt-montmartre-xml.es.html,0
https://www.booking.com/hotel/fr/hotelfrancealbion.es.html,0
https://www.booking.com/hotel/fr/le-matissia-paris.es.html,0
https://www.booking.com/hotel/fr/thewestinparis.es.html,0
https://www.booking.com/hotel/fr/ra-c-sidence-du-lion-d-or-louvre.es.html,0
https://www.booking.com/hotel/fr/lavillasaintgermaindespres.es.html,0
https://www.booking.com/hotel/fr/merryl.es.html,0
https://www.booking.com/hotel/fr/la-regence-etoile.es.html,0
https://www.booking.com/hotel/fr/pantheon.es.html,0
https://www.booking.com/hotel/fr/apartment-ws-st-germain-quartier-latin-paris.es.html,0
https://www.booking.com/hotel/fr/warwickchampselysees.es.html,0
https://www.booking.com/hotel/fr/splendor.es.html,0
https://www.booking.com/hotel/fr/d-alsace.es.html,0
https://www.booking.com/hotel/fr/appi.es.html,0
https://www.booking.com/hotel/fr/hotel-le-presbytere.es.html,0
https://www.booking.com/hotel/fr/eden.es.html,0
https://www.booking.com/hotel/fr/europe-paris.es.html,0
https://www.booking.com/hotel/fr/ha-tel-hor.es.html,0
https://www.booking.com/hotel/fr/le-tsuba.es.html,0
https://www.booking.com/hotel/fr/mansart.es.html,0
https://www.booking.com/hotel/fr/boronali.es.html,0
https://www.booking.com/hotel/fr/hotel-du-mont-dore.es.html,0
https://www.booking.com/hotel/fr/des-arenes.es.html,0
https://www.booking.com/hotel/fr/da-vinci.es.html,0
https://www.booking.com/hotel/fr/ibis-paris-gare-de-l-est.es.html,0
https://www.booking.com/hotel/fr/avenir-hotel.es.html,0
https://www.booking.com/hotel/fr/novotel-suites-paris-expo-pte-versailles.es.html,0
https://www.booking.com/hotel/fr/temple-apartements-paris.es.html,0
https://www.booking.com/hotel/fr/du-jeu-de-paume.es.html,0
https://www.booking.com/hotel/fr/belambra-city-magendie.es.html,0
https://www.booking.com/hotel/fr/lutetia-paris12.es.html,0
https://www.booking.com/hotel/fr/beaugency.es.html,0
https://www.booking.com/hotel/fr/des-champs-elysees.es.html,0
https://www.booking.com/hotel/fr/carofftel-gobelins.es.html,0
https://www.booking.com/hotel/fr/ekta.es.html,0
https://www.booking.com/hotel/fr/ha-tel-r-de-paris.es.html,0
https://www.booking.com/hotel/fr/centralsaintgermain.es.html,0
https://www.booking.com/hotel/fr/balmoral-paris.es.html,0
https://www.booking.com/hotel/fr/home-business-grande-bibliotheque.es.html,0
https://www.booking.com/hotel/fr/maison-albar-hotels-le-diamond.es.html,0
https://www.booking.com/hotel/fr/residence-voute-by-patios-du-marais.es.html,0
https://www.booking.com/hotel/fr/mercure-voltaire-bastille.es.html,0
https://www.booking.com/hotel/fr/ha-tel-mac-mahon.es.html,0
https://www.booking.com/hotel/fr/palm-opera.es.html,0
https://www.booking.com/hotel/fr/du-louvre.es.html,0
https://www.booking.com/hotel/fr/icone.es.html,0
https://www.booking.com/hotel/fr/international-paris.es.html,0
https://www.booking.com/hotel/fr/ibis-paris-gare-de-l-est-10-eme.es.html,0
https://www.booking.com/hotel/fr/devillas.es.html,0
https://www.booking.com/hotel/fr/les-jardins-du-trocadero.es.html,0
https://www.booking.com/hotel/fr/vernet.es.html,0
https://www.booking.com/hotel/fr/best-western-premier-opera-liege.es.html,0
https://www.booking.com/hotel/fr/hoteldelaterrassepar.es.html,0
https://www.booking.com/hotel/fr/hotelallegroparis.es.html,0
https://www.booking.com/hotel/fr/edgar-quinet.es.html,0
https://www.booking.com/hotel/fr/pierrearcdetriomphe.es.html,0
https://www.booking.com/hotel/fr/hoteldesminesparis.es.html,0
https://www.booking.com/hotel/fr/roi-de-sicile-rivoli.es.html,0
https://www.booking.com/hotel/fr/amiral-fondary.es.html,0
https://www.booking.com/hotel/fr/edgar-suites-louvre-bellan.es.html,0
https://www.booking.com/hotel/fr/paris-monty-opera.es.html,0
https://www.booking.com/hotel/fr/excelsior-opera.es.html,0
https://www.booking.com/hotel/fr/ermitage.es.html,0
https://www.booking.com/hotel/fr/prince-albert-opera.es.html,0
https://www.booking.com/hotel/fr/residencedaubenton.es.html,0
https://www.booking.com/hotel/fr/d-angleterre-paris.es.html,0
https://www.booking.com/hotel/fr/vice-versa.es.html,0
https://www.booking.com/hotel/fr/altona-paris.es.html,0
https://www.booking.com/hotel/fr/arleytoureiffelparis.es.html,0
https://www.booking.com/hotel/fr/hipark-paris-la-villette.es.html,0
https://www.booking.com/hotel/fr/apartments-ws-haut-marais-carreau-du-temple.es.html,0
https://www.booking.com/hotel/fr/citadines-aparthotel-opera-drouot.es.html,0
https://www.booking.com/hotel/fr/mercure-paris-suffren-tour-eiffel.es.html,0
https://www.booking.com/hotel/fr/de-la-porte-doree-paris.es.html,0
https://www.booking.com/hotel/fr/de-france-quartier-latin.es.html,0
https://www.booking.com/hotel/fr/rochester-champs-elysees.es.html,0
https://www.booking.com/hotel/fr/de-france-paris.es.html,0
https://www.booking.com/hotel/fr/alexandrie.es.html,0
https://www.booking.com/hotel/fr/le-madison.es.html,0
https://www.booking.com/hotel/fr/saint-jacques-paris.es.html,0
https://www.booking.com/hotel/fr/de-l-arcade.es.html,0
https://www.booking.com/hotel/fr/bwvilladesartistes.es.html,0
https://www.booking.com/hotel/fr/maison-souquet.es.html,0
https://www.booking.com/hotel/fr/hotel-belle-epoque-paris.es.html,0
https://www.booking.com/hotel/fr/hoteloperarichepanse.es.html,0
https://www.booking.com/hotel/fr/grand-de-l-europe-paris.es.html,0
https://www.booking.com/hotel/fr/home-sweet-home-paris12.es.html,0
https://www.booking.com/hotel/fr/paris-gambetta.es.html,0
https://www.booking.com/hotel/fr/villa-des-ambassadeurs.es.html,0
https://www.booking.com/hotel/fr/st-christopher-39-s-budget-paris-gare-du-nord.es.html,0
https://www.booking.com/hotel/fr/grand-powers.es.html,0
https://www.booking.com/hotel/fr/caumartin-opera.es.html,0
https://www.booking.com/hotel/fr/recamier.es.html,0
https://www.booking.com/hotel/fr/portedeversaillesparis.es.html,0
https://www.booking.com/hotel/fr/hotel-montparnasse.es.html,0
https://www.booking.com/hotel/fr/apartment-ws-champs-elysees-ponthieu.es.html,0
https://www.booking.com/hotel/fr/apartment-ws-opera-galeries-lafayette.es.html,0
https://www.booking.com/hotel/fr/montholon.es.html,0
https://www.booking.com/hotel/fr/new-spacious-parisian-style-families-amp-friends-t.es.html,0
https://www.booking.com/hotel/fr/eurotel-paris.es.html,0
https://www.booking.com/hotel/fr/de-l-39-europe-belleville.es.html,0
https://www.booking.com/hotel/fr/millesime-paris.es.html,0
https://www.booking.com/hotel/fr/grand-hotel-de-lunivers.es.html,0
https://www.booking.com/hotel/fr/perfect-amp-hostel.es.html,0
https://www.booking.com/hotel/fr/hotelclaret.es.html,0
https://www.booking.com/hotel/fr/the-people-hostel-paris-12.es.html,0
https://www.booking.com/hotel/fr/best-western-premier-61-paris-nation-hotel.es.html,0
https://www.booking.com/hotel/fr/pvmontmartre.es.html,0
https://www.booking.com/hotel/fr/ha-tel-fabric.es.html,0
https://www.booking.com/hotel/fr/longchamp-elysees.es.html,0
https://www.booking.com/hotel/fr/pierre-vacacnces-city-paris-tour-eiffel.es.html,0
https://www.booking.com/hotel/fr/hippodrome.es.html,0
https://www.booking.com/hotel/fr/ibis-maine-montparnasse.es.html,0
https://www.booking.com/hotel/fr/des-saints-peres.es.html,0
https://www.booking.com/hotel/fr/le-clos-notre-dame-paris.es.html,0
https://www.booking.com/hotel/fr/mercure-paris-17-batignolles.es.html,0
https://www.booking.com/hotel/fr/exe-paris-centre.es.html,0
https://www.booking.com/hotel/fr/hotel-oceania-porte-de-versailles.es.html,0
https://www.booking.com/hotel/fr/ariane-montparnasse.es.html,0
https://www.booking.com/hotel/fr/ibis-styles-paris-gare-saint-lazare.es.html,0
https://www.booking.com/hotel/fr/armstrong.es.html,0
https://www.booking.com/hotel/fr/leonard-de-vinci.es.html,0
https://www.booking.com/hotel/fr/beatrice-et-emmanuel-meuble-eiffel.es.html,0
https://www.booking.com/hotel/fr/tiquetonne-paris1.es.html,0
https://www.booking.com/hotel/fr/hotelduministere.es.html,0
https://www.booking.com/hotel/fr/hoteldaguerre.es.html,0
https://www.booking.com/hotel/fr/eiffel-tour-view-apartment.es.html,0
https://www.booking.com/hotel/fr/des-marronniers.es.html,0
https://www.booking.com/hotel/fr/comfort-paris-18eme-sacre-coeur.es.html,0
https://www.booking.com/hotel/fr/hotelbrittanyparis.es.html,0
https://www.booking.com/hotel/fr/le-vert-galant-paris.es.html,0
https://www.booking.com/hotel/fr/marignan-champs-elysees.es.html,0
https://www.booking.com/hotel/fr/chatillon.es.html,0
https://www.booking.com/hotel/fr/grand-hotel-de-paris.es.html,0
https://www.booking.com/hotel/fr/duquesneeiffel.es.html,0
https://www.booking.com/hotel/fr/lilasgambetta.es.html,0
https://www.booking.com/hotel/fr/cosmotel.es.html,0
https://www.booking.com/hotel/fr/paris-voltaire.es.html,0
https://www.booking.com/hotel/fr/le-123-elysees.es.html,0
https://www.booking.com/hotel/fr/splendide-royal-paris.es.html,0
https://www.booking.com/hotel/fr/clunysquareparis.es.html,0
https://www.booking.com/hotel/fr/victoiresopera.es.html,0
https://www.booking.com/hotel/fr/astoriaopera.es.html,0
https://www.booking.com/hotel/fr/apartment-ws-de-ville-musee-pompidou.es.html,0
https://www.booking.com/hotel/fr/helzear-rive-gauche.es.html,0
https://www.booking.com/hotel/fr/grand-amelot-paris4.es.html,0
https://www.booking.com/hotel/fr/aviatic.es.html,0
https://www.booking.com/hotel/fr/michelet-odeon.es.html,0
https://www.booking.com/hotel/fr/liberty.es.html,0
https://www.booking.com/hotel/fr/champs-elysees-lincoln-appatements.es.html,0
https://www.booking.com/hotel/fr/virgina.es.html,0
https://www.booking.com/hotel/fr/square.es.html,0
https://www.booking.com/hotel/fr/libertel-suede-gare-du-nord.es.html,0
https://www.booking.com/hotel/fr/residence-bergere.es.html,0
https://www.booking.com/hotel/fr/le-marceau-bastille.es.html,0
https://www.booking.com/hotel/fr/le-pavillon-de-la-reine.es.html,0
https://www.booking.com/hotel/fr/paris-crimee-la-villette.es.html,0
https://www.booking.com/hotel/fr/idol-by-elegancia.es.html,0
https://www.booking.com/hotel/fr/beausejour-ranelagh.es.html,0
https://www.booking.com/hotel/fr/dupantheon.es.html,0
https://www.booking.com/hotel/fr/relaisoperabastille.es.html,0
https://www.booking.com/hotel/fr/de-l-orchidee.es.html,0
https://www.booking.com/hotel/fr/comforthoteldavoutnation.es.html,0
https://www.booking.com/hotel/fr/all-seasons-paris-gare-du-nord.es.html,0
https://www.booking.com/hotel/fr/paix-republique.es.html,0
https://www.booking.com/hotel/fr/hotel-la-villa-des-ternes.es.html,0
https://www.booking.com/hotel/fr/ibis-paris-berthier-17a-me.es.html,0
https://www.booking.com/hotel/fr/prince-albert-lyon-bercy.es.html,0
https://www.booking.com/hotel/fr/saint-louis-pigalle.es.html,0
https://www.booking.com/hotel/fr/ibis-paris-bercy-village.es.html,0
https://www.booking.com/hotel/fr/hotel-henriette.es.html,0
https://www.booking.com/hotel/fr/saintaugustin.es.html,0
https://www.booking.com/hotel/fr/novotel-gare-de-lyon.es.html,0
https://www.booking.com/hotel/fr/de-mericourt.es.html,0
https://www.booking.com/hotel/fr/hotelcentralparis.es.html,0
https://www.booking.com/hotel/fr/vip-paris-yacht.es.html,0
https://www.booking.com/hotel/fr/jules-cesar-paris.es.html,0
https://www.booking.com/hotel/fr/saint-charles-paris.es.html,0
https://www.booking.com/hotel/fr/grand-du-palais-royal.es.html,0
https://www.booking.com/hotel/fr/saint-louis-en-l-isle.es.html,0
https://www.booking.com/hotel/fr/belfort-paris.es.html,0
https://www.booking.com/hotel/fr/hoteledenmontmartre.es.html,0
https://www.booking.com/hotel/fr/camping-de-paris.es.html,0
https://www.booking.com/hotel/fr/baltimore-paris-champs-elysees-mgallery-collection.es.html,0
https://www.booking.com/hotel/fr/mayet.es.html,0
https://www.booking.com/hotel/fr/viator-paris.es.html,0
https://www.booking.com/hotel/fr/arthotelparis.es.html,0
https://www.booking.com/hotel/fr/maison-de-lignieres-bed-amp-breakfast-paris-proche-champs-elysees.es.html,0
https://www.booking.com/hotel/fr/hoteldupre.es.html,0
https://www.booking.com/hotel/fr/minerve.es.html,0
https://www.booking.com/hotel/fr/de-la-place-du-louvre.es.html,0
https://www.booking.com/hotel/fr/a-la-pinte-du-nord-paris.es.html,0
https://www.booking.com/hotel/fr/etienne-marcel.es.html,0
https://www.booking.com/hotel/fr/astraopera.es.html,0
https://www.booking.com/hotel/fr/louvre-rivoli.es.html,0
https://www.booking.com/hotel/fr/danemark-paris.es.html,0
https://www.booking.com/hotel/fr/monsieur.es.html,0
https://www.booking.com/hotel/fr/prince-alberrt-concordia.es.html,0
https://www.booking.com/hotel/fr/bastille-paris1.es.html,0
https://www.booking.com/hotel/fr/comfort-andre-latin.es.html,0
https://www.booking.com/hotel/fr/d-orsay-paris.es.html,0
https://www.booking.com/hotel/fr/le-montclair-montmartre.es.html,0
https://www.booking.com/hotel/fr/hor-les-lumieres.es.html,0
https://www.booking.com/hotel/fr/republiquehotel.es.html,0
https://www.booking.com/hotel/fr/california-champs-elysees.es.html,0
https://www.booking.com/hotel/fr/hollidayinnmontmartre.es.html,0
https://www.booking.com/hotel/fr/the-chess.es.html,0
https://www.booking.com/hotel/fr/paris-marriott-champs-elysees.es.html,0
https://www.booking.com/hotel/fr/hotel-maison-fl.es.html,0
https://www.booking.com/hotel/fr/newhotel.es.html,0
https://www.booking.com/hotel/fr/regina-paris.es.html,0
https://www.booking.com/hotel/fr/jules.es.html,0
https://www.booking.com/hotel/fr/le-ballu.es.html,0
https://www.booking.com/hotel/fr/les-piaules.es.html,0
https://www.booking.com/hotel/fr/derby-eiffel-hotel.es.html,0
https://www.booking.com/hotel/fr/du-college-de-france.es.html,0
https://www.booking.com/hotel/fr/du-printemps.es.html,0
https://www.booking.com/hotel/fr/des-vosges-paris.es.html,0
https://www.booking.com/hotel/fr/intercontinental-paris-le-grand.es.html,0
https://www.booking.com/hotel/fr/restaurant-au-boeuf-couronne.es.html,0
https://www.booking.com/hotel/fr/glasgowmonceauparis.es.html,0
https://www.booking.com/hotel/fr/montebello-paris1.es.html,0
https://www.booking.com/hotel/fr/regyn-s-montmartre.es.html,0
https://www.booking.com/hotel/fr/shangri-la-paris.es.html,0
https://www.booking.com/hotel/fr/the-peninsula-paris.es.html,0
https://www.booking.com/hotel/fr/ferrandi.es.html,0
https://www.booking.com/hotel/fr/de-seine.es.html,0
https://www.booking.com/hotel/fr/ibis-paris-brancion-parc-des-expositions-15e.es.html,0
https://www.booking.com/hotel/fr/manufacture.es.html,0
https://www.booking.com/hotel/fr/residhome-prestige-paris-opera.es.html,0
https://www.booking.com/hotel/fr/sinner-paris.es.html,0
https://www.booking.com/hotel/fr/exelmans.es.html,0
https://www.booking.com/hotel/fr/hotel-nude-paris.es.html,0
https://www.booking.com/hotel/fr/milestay-coeur-de-paris.es.html,0
https://www.booking.com/hotel/fr/raspail.es.html,0
https://www.booking.com/hotel/fr/bellechasse-apartments.es.html,0
https://www.booking.com/hotel/fr/de-bordeaux-paris.es.html,0
https://www.booking.com/hotel/fr/best-western-plus-litteraire-marcel.es.html,0
https://www.booking.com/hotel/fr/my-maison-in-paris-sentier.es.html,0
https://www.booking.com/hotel/fr/relaiscambronne.es.html,0
https://www.booking.com/hotel/fr/residencelaconcorde.es.html,0
https://www.booking.com/hotel/fr/france-louvre.es.html,0
https://www.booking.com/hotel/fr/ra-c-sidence-clignancourt.es.html,0
https://www.booking.com/hotel/fr/residence-internationale-de-paris.es.html,0
https://www.booking.com/hotel/fr/my-open-paris.es.html,0
https://www.booking.com/hotel/fr/residence-palais-etoile.es.html,0
https://www.booking.com/hotel/fr/le-17-paris.es.html,0
https://www.booking.com/hotel/fr/apartment-ws-mouffetard-pantheon-5.es.html,0
https://www.booking.com/hotel/fr/armoni-paris.es.html,0
https://www.booking.com/hotel/fr/hotelauteuiltoureiffel.es.html,0
https://www.booking.com/hotel/fr/de-l-exposition-tour-eiffel.es.html,0
https://www.booking.com/hotel/fr/sevres-montparnasse.es.html,0
https://www.booking.com/hotel/fr/renaissance-paris-republique.es.html,0
https://www.booking.com/hotel/fr/hotelf1-paris-porte-de-montmartre.es.html,0
https://www.booking.com/hotel/fr/andrea-paris.es.html,0
https://www.booking.com/hotel/fr/gotty-opera.es.html,0
https://www.booking.com/hotel/fr/agorno-cite-de-la-musique.es.html,0
https://www.booking.com/hotel/fr/aris-nord.es.html,0
https://www.booking.com/hotel/fr/atala.es.html,0
https://www.booking.com/hotel/fr/citadines-paris-bastille-nation.es.html,0
https://www.booking.com/hotel/fr/hotel-le-relais-saint-germain.es.html,0
https://www.booking.com/hotel/fr/agora-paris.es.html,0
https://www.booking.com/hotel/fr/b55-paris12.es.html,0
https://www.booking.com/hotel/fr/luna-park.es.html,0
https://www.booking.com/hotel/fr/des-arts-paris1.es.html,0
https://www.booking.com/hotel/fr/chateau-frontenac.es.html,0
https://www.booking.com/hotel/fr/oh-la-la.es.html,0
https://www.booking.com/hotel/fr/love-a-paris.es.html,0
https://www.booking.com/hotel/fr/baume-paris.es.html,0
https://www.booking.com/hotel/fr/pavillonpereire.es.html,0
https://www.booking.com/hotel/fr/okko-hotels-paris-porte-de-versailles.es.html,0
https://www.booking.com/hotel/fr/clement-paris.es.html,0
https://www.booking.com/hotel/fr/de-nice.es.html,0
https://www.booking.com/hotel/fr/joyce.es.html,0
https://www.booking.com/hotel/fr/monsieur-george-amp-spa-champs-elysees.es.html,0
https://www.booking.com/hotel/fr/marcel-paris.es.html,0
https://www.booking.com/hotel/fr/luxuous-penthouse-near-champs-elysees-and-front-of-eiffel-tower-apartment.es.html,0
https://www.booking.com/hotel/fr/villa-modigliani.es.html,0
https://www.booking.com/hotel/fr/bonaparte-paris.es.html,0
https://www.booking.com/hotel/fr/de-seze-paris.es.html,0
https://www.booking.com/hotel/fr/eiffel-blomet.es.html,0
https://www.booking.com/hotel/fr/edenparis.es.html,0
https://www.booking.com/hotel/fr/le-notre-dame.es.html,0
https://www.booking.com/hotel/fr/du-globe-18.es.html,0
https://www.booking.com/hotel/fr/chateaudun-opera.es.html,0
https://www.booking.com/hotel/fr/ha-tel-san-ra-c-gis.es.html,0
https://www.booking.com/hotel/fr/la-villa-haussmann.es.html,0
https://www.booking.com/hotel/fr/beaugrenelle-saint-charles.es.html,0
https://www.booking.com/hotel/fr/d-espagne-paris.es.html,0
https://www.booking.com/hotel/fr/le-marianne.es.html,0
https://www.booking.com/hotel/fr/best-stay.es.html,0
https://www.booking.com/hotel/fr/champerret-heliopolis.es.html,0
https://www.booking.com/hotel/fr/de-nantes.es.html,0
https://www.booking.com/hotel/fr/de-l-europe-paris2.es.html,0
https://www.booking.com/hotel/fr/family-friendly-apartment-eiffel-tower-view.es.html,0
https://www.booking.com/hotel/fr/residencefoch.es.html,0
https://www.booking.com/hotel/fr/highstay-rue-saint-honore-serviced-apartments-paris.es.html,0
https://www.booking.com/hotel/fr/luxembourg-parc.es.html,0
https://www.booking.com/hotel/fr/du-home-moderne.es.html,0
https://www.booking.com/hotel/fr/hotelarestoureiffel.es.html,0
https://www.booking.com/hotel/fr/rivoli-paris.es.html,0
https://www.booking.com/hotel/fr/le-printania.es.html,0
https://www.booking.com/hotel/fr/masion-le-bac-apt-101b.es.html,0
https://www.booking.com/hotel/fr/melia-vendome-paris.es.html,0
https://www.booking.com/hotel/fr/bonsejour-montmartre.es.html,0
https://www.booking.com/hotel/fr/saint-louis-marais.es.html,0
https://www.booking.com/hotel/fr/caumartin-64.es.html,0
https://www.booking.com/hotel/fr/ritz-paris-paris.es.html,0
https://www.booking.com/hotel/fr/apartments-ws-marais-republique.es.html,0
https://www.booking.com/hotel/fr/apartment-ws-de-ville-le-marais.es.html,0
https://www.booking.com/hotel/fr/tolbiac-paris2.es.html,0
https://www.booking.com/hotel/fr/bel-ami.es.html,0
https://www.booking.com/hotel/fr/de-l-europe-paris1.es.html,0
https://www.booking.com/hotel/fr/pavilliondemontmartre.es.html,0
https://www.booking.com/hotel/fr/ibis-styles-paris-alesia-montparnasse.es.html,0
https://www.booking.com/hotel/fr/des-buttes-chaumont.es.html,0
https://www.booking.com/hotel/fr/nord-est.es.html,0
https://www.booking.com/hotel/fr/france-eiffel.es.html,0
https://www.booking.com/hotel/fr/jenner.es.html,0
https://www.booking.com/hotel/fr/residence-le-regent.es.html,0
https://www.booking.com/hotel/fr/ylleneiffel.es.html,0
https://www.booking.com/hotel/fr/ribera-eiffel.es.html,0
https://www.booking.com/hotel/fr/apartment-ws-montmartre-anvers.es.html,0
https://www.booking.com/hotel/fr/le-mireille-paris.es.html,0
https://www.booking.com/hotel/fr/familia-paris.es.html,0
https://www.booking.com/hotel/fr/avalon-hotel-paris.es.html,0
https://www.booking.com/hotel/fr/gregoire-apartment.es.html,0
https://www.booking.com/hotel/fr/ibis-styles-paris-15-lecourbe.es.html,0
https://www.booking.com/hotel/fr/des-carmes-paris.es.html,0
https://www.booking.com/hotel/fr/esmeralda.es.html,0
https://www.booking.com/hotel/fr/hotel-de-lalma-pari.es.html,0
https://www.booking.com/hotel/fr/ibis-paris-porte-d-italie.es.html,0
https://www.booking.com/hotel/fr/bourgogne-montana.es.html,0
https://www.booking.com/hotel/fr/eden-paris.es.html,0
https://www.booking.com/hotel/fr/royal-elysa-c-es.es.html,0
https://www.booking.com/hotel/fr/alesiamontparnasse.es.html,0
https://www.booking.com/hotel/fr/maubeuge.es.html,0
https://www.booking.com/hotel/fr/marsollier.es.html,0
https://www.booking.com/hotel/fr/america.es.html,0
https://www.booking.com/hotel/fr/residence-du-roy.es.html,0
https://www.booking.com/hotel/fr/deux-pieces-de-charme-notre-dame-de-paris.es.html,0
https://www.booking.com/hotel/fr/adm-ateliers-de-montmartre.es.html,0
https://www.booking.com/hotel/fr/eiffel-xv-paris.es.html,0
https://www.booking.com/hotel/fr/montalembert.es.html,0
https://www.booking.com/hotel/fr/citadines-aparthotel-les-halles.es.html,0
https://www.booking.com/hotel/fr/original-paris.es.html,0
https://www.booking.com/hotel/fr/la-chambre-du-marais.es.html,0
https://www.booking.com/hotel/fr/le-nouvel-ha-tel-du-tha-c-ac-tre.es.html,0
https://www.booking.com/hotel/fr/villadestrees.es.html,0
https://www.booking.com/hotel/fr/holiday-inside-city-apart.es.html,0
https://www.booking.com/hotel/fr/cosy-monceau.es.html,0
https://www.booking.com/hotel/fr/mondial-paris.es.html,0
https://www.booking.com/hotel/fr/le-mediterraneen.es.html,0
https://www.booking.com/hotel/fr/ha-tel-georgette.es.html,0
https://www.booking.com/hotel/fr/best-stay-paris1234.es.html,0
https://www.booking.com/hotel/fr/jardinvilliersp.es.html,0
https://www.booking.com/hotel/fr/edgar-suites-paris-richelieu.es.html,0
https://www.booking.com/hotel/fr/my-maison-in-paris-ile-saint-louis.es.html,0
https://www.booking.com/hotel/fr/dress-code-amp-spa.es.html,0
https://www.booking.com/hotel/fr/au-pacific.es.html,0
https://www.booking.com/hotel/fr/astor-saint-honore.es.html,0
https://www.booking.com/hotel/fr/hotelibisitalietolbiac.es.html,0
https://www.booking.com/hotel/fr/classicbastille.es.html,0
https://www.booking.com/hotel/fr/arc-de-triomphe.es.html,0
https://www.booking.com/hotel/fr/loretteopera.es.html,0
https://www.booking.com/hotel/fr/novotel-paris-pte-versailles.es.html,0
https://www.booking.com/hotel/fr/montsouris-orleans.es.html,0
https://www.booking.com/hotel/fr/hotelduparcsaintcharles.es.html,0
https://www.booking.com/hotel/fr/hotelalane.es.html,0
https://www.booking.com/hotel/fr/luxor-bastille.es.html,0
https://www.booking.com/hotel/fr/ibis-paris-pa-re-lachaise.es.html,0
https://www.booking.com/hotel/fr/family-residence.es.html,0
https://www.booking.com/hotel/fr/george-opera.es.html,0
https://www.booking.com/hotel/fr/florideetoileparis.es.html,0
https://www.booking.com/hotel/fr/le-quartier-bastille-le-faubourg.es.html,0
https://www.booking.com/hotel/fr/atelier-saint-germain.es.html,0
https://www.booking.com/hotel/fr/des-grandes-ecoles.es.html,0
https://www.booking.com/hotel/fr/au-royal-mad.es.html,0
https://www.booking.com/hotel/fr/aiglon.es.html,0
https://www.booking.com/hotel/fr/mercure-paris-15-porte-de-versailles.es.html,0
https://www.booking.com/hotel/fr/ub-paris.es.html,0
https://www.booking.com/hotel/fr/de-la-tamise-paris.es.html,0
https://www.booking.com/hotel/fr/de-senlis.es.html,0
https://www.booking.com/hotel/fr/chic-flat-le-marais-place-des-vosges-paris.es.html,0
https://www.booking.com/hotel/fr/poussin.es.html,0
https://www.booking.com/hotel/fr/simon-39-s-boutique.es.html,0
https://www.booking.com/hotel/fr/park-hyatt-paris-vendome.es.html,0
https://www.booking.com/hotel/fr/elysee-montparnasse.es.html,0
https://www.booking.com/hotel/fr/chabrol-opera.es.html,0
https://www.booking.com/hotel/fr/mercure-terminus-est.es.html,0
https://www.booking.com/hotel/fr/amelie.es.html,0
https://www.booking.com/hotel/fr/art-congres.es.html,0
https://www.booking.com/hotel/fr/des-pavillons.es.html,0
https://www.booking.com/hotel/fr/apartments-ws-louvre-richelieu-paris12345678.es.html,0
https://www.booking.com/hotel/fr/royalsaintgermainparis.es.html,0
https://www.booking.com/hotel/fr/marche-saint-germain-apartment.es.html,0
https://www.booking.com/hotel/fr/residence-bastille-liberte.es.html,0
https://www.booking.com/hotel/fr/meslay-i.es.html,0
https://www.booking.com/hotel/fr/source.es.html,0
https://www.booking.com/hotel/fr/tulipinnlittlepalace.es.html,0
https://www.booking.com/hotel/fr/des-trois-gares.es.html,0
https://www.booking.com/hotel/fr/nouvel-paris-18.es.html,0
https://www.booking.com/hotel/fr/paris-6th-st-germain-des-pres-latin-quater.es.html,0
https://www.booking.com/hotel/fr/nouvel-hotel-eiffel.es.html,0
https://www.booking.com/hotel/fr/favart.es.html,0
https://www.booking.com/hotel/fr/phenix.es.html,0
https://www.booking.com/hotel/fr/maison-lepic-montmartre.es.html,0
https://www.booking.com/hotel/fr/victory-galou.es.html,0
https://www.booking.com/hotel/fr/citea-philippe-auguste.es.html,0
https://www.booking.com/hotel/fr/apartments-ws-saint-lazare-lafayette-paris.es.html,0
https://www.booking.com/hotel/fr/audran.es.html,0
https://www.booking.com/hotel/fr/appartement-tour-eiffel-sevres-babylone-1-paris.es.html,0
https://www.booking.com/hotel/fr/riboutte-lafayette.es.html,0
https://www.booking.com/hotel/fr/appart-tourisme-hameau.es.html,0
https://www.booking.com/hotel/fr/friedland.es.html,0
https://www.booking.com/hotel/fr/ha-tel-le-relais-des-halles-paris.es.html,0
https://www.booking.com/hotel/fr/ambassadeurparis.es.html,0
https://www.booking.com/hotel/fr/les-plumes.es.html,0
https://www.booking.com/hotel/fr/ibis-styles-paris-16-sud.es.html,0
https://www.booking.com/hotel/fr/grand-des-gobelins.es.html,0
https://www.booking.com/hotel/fr/paris-porte-de-versailles-expo.es.html,0
https://www.booking.com/hotel/fr/antin-trinite.es.html,0
https://www.booking.com/hotel/fr/adagio-access-paris-bastille.es.html,0
https://www.booking.com/hotel/fr/holiday-inn-paris-republique.es.html,0
https://www.booking.com/hotel/fr/thoumieux-paris.es.html,0
https://www.booking.com/hotel/fr/eden-lodge-paris.es.html,0
https://www.booking.com/hotel/fr/hotel-balladins-paris-8eme-confort.es.html,0
https://www.booking.com/hotel/fr/eiffel-segur.es.html,0
https://www.booking.com/hotel/fr/le-meurice-paris.es.html,0
https://www.booking.com/hotel/fr/le-six.es.html,0
https://www.booking.com/hotel/fr/loft-basfour-by-patios-du-marais.es.html,0
https://www.booking.com/hotel/fr/sorbonne.es.html,0
https://www.booking.com/hotel/fr/marmotel-etoile.es.html,0
https://www.booking.com/hotel/fr/roi-rene-paris-xvii.es.html,0
https://www.booking.com/hotel/fr/best-western-premier-litteraire-le-swann.es.html,0
https://www.booking.com/hotel/fr/tournotredame.es.html,0
https://www.booking.com/hotel/fr/timmontmartre.es.html,0
https://www.booking.com/hotel/fr/de-l-39-horloge-paris.es.html,0
https://www.booking.com/hotel/fr/echiquier-opera-paris.es.html,0
https://www.booking.com/hotel/fr/fred-apartment.es.html,0
https://www.booking.com/hotel/fr/burgundy.es.html,0
https://www.booking.com/hotel/fr/hotelsaintgeorgeslafayette.es.html,0
https://www.booking.com/hotel/fr/beautiful-lincoln-apartment.es.html,0
https://www.booking.com/hotel/fr/libertel-villette.es.html,0
https://www.booking.com/hotel/fr/the-five.es.html,0
https://www.booking.com/hotel/fr/paris-boutik-suite-quot-la-librairie-du-marais-quot.es.html,0
https://www.booking.com/hotel/fr/convention-montparnasse.es.html,0
https://www.booking.com/hotel/fr/parisboulevardberthier.es.html,0
https://www.booking.com/hotel/fr/hoteljardinseiffel.es.html,0
https://www.booking.com/hotel/fr/holidaysinparis-republique.es.html,0
https://www.booking.com/hotel/fr/renaissance-paris-vendome.es.html,0
https://www.booking.com/hotel/fr/amiral.es.html,0
https://www.booking.com/hotel/fr/studio.es.html,0
https://www.booking.com/hotel/fr/acaciasetoile.es.html,0
https://www.booking.com/hotel/fr/le-roch-amp-spa.es.html,0
https://www.booking.com/hotel/fr/hotelcrimee.es.html,0
https://www.booking.com/hotel/fr/appartement-arc-de-triomphe-george-v.es.html,0
https://www.booking.com/hotel/fr/printaniasaphir.es.html,0
https://www.booking.com/hotel/fr/daval.es.html,0
https://www.booking.com/hotel/fr/grandhoteldechampagne.es.html,0
https://www.booking.com/hotel/fr/du-dragon-paris.es.html,0
https://www.booking.com/hotel/fr/tinah.es.html,0
https://www.booking.com/hotel/fr/du-haut-marais-paris.es.html,0
https://www.booking.com/hotel/fr/de-paris-paris.es.html,0
https://www.booking.com/hotel/fr/ra-c-sidence-cisp-kellermann.es.html,0
https://www.booking.com/hotel/fr/bellevue-paris.es.html,0
https://www.booking.com/hotel/fr/de-l-39-union.es.html,0
https://www.booking.com/hotel/fr/tour-eiffel-beaugrenelle.es.html,0
https://www.booking.com/hotel/fr/victor-masse.es.html,0
https://www.booking.com/hotel/fr/de-suez.es.html,0
https://www.booking.com/hotel/fr/splendid-etoile.es.html,0
https://www.booking.com/hotel/fr/etap-paris-porte-de-montmartre.es.html,0
https://www.booking.com/hotel/fr/edgar-suites-marais-nazareth.es.html,0
https://www.booking.com/hotel/fr/pax-opera.es.html,0
https://www.booking.com/hotel/fr/konfidentiel.es.html,0
https://www.booking.com/hotel/fr/hotelnovex.es.html,0
https://www.booking.com/hotel/fr/le-marais-de-ville.es.html,0
https://www.booking.com/hotel/fr/d-amiens.es.html,0
https://www.booking.com/hotel/fr/apartments-ws-haussmann-la-fayette.es.html,0
https://www.booking.com/hotel/fr/nicolo.es.html,0
https://www.booking.com/hotel/fr/holding-floridor.es.html,0
https://www.booking.com/hotel/fr/au-palais-de-chaillot.es.html,0
https://www.booking.com/hotel/fr/eiffel-rive-gauche.es.html,0
https://www.booking.com/hotel/fr/hotelbeausejour.es.html,0
https://www.booking.com/hotel/fr/relais-du-pre.es.html,0
https://www.booking.com/hotel/fr/paris-bruxelles.es.html,0
https://www.booking.com/hotel/fr/duc-de-st-simon.es.html,0
https://www.booking.com/hotel/fr/adele-amp-jules.es.html,0
https://www.booking.com/hotel/fr/hoteldelille.es.html,0
https://www.booking.com/hotel/fr/les-tournelles-paris.es.html,0
https://www.booking.com/hotel/fr/champerretelysees.es.html,0
https://www.booking.com/hotel/fr/avaitic.es.html,0
https://www.booking.com/hotel/fr/best-western-sydney-opera-paris1.es.html,0
https://www.booking.com/hotel/fr/edgar-suites-paris-reaumur.es.html,0
https://www.booking.com/hotel/fr/relais-12-bis.es.html,0
https://www.booking.com/hotel/fr/hotelharvey.es.html,0
https://www.booking.com/hotel/fr/de-buci.es.html,0
https://www.booking.com/hotel/fr/grand-pigalle.es.html,0
https://www.booking.com/hotel/fr/ibis-avenue-d-italie.es.html,0
https://www.booking.com/hotel/fr/lejardindecluny.es.html,0
https://www.booking.com/hotel/fr/inter-lecourbe.es.html,0
https://www.booking.com/hotel/fr/pavillonbastille.es.html,0
https://www.booking.com/hotel/fr/saintpetersbourg.es.html,0
https://www.booking.com/hotel/fr/mercure-paris-montparnasse.es.html,0
https://www.booking.com/hotel/fr/ymmo-paris.es.html,0
https://www.booking.com/hotel/fr/citea-tour-eiffel.es.html,0
https://www.booking.com/hotel/fr/okko-hotels-paris-gare-de-l-39-est.es.html,0
https://www.booking.com/hotel/fr/eugenie.es.html,0
https://www.booking.com/hotel/fr/cristal-champs-elysees.es.html,0
https://www.booking.com/hotel/fr/zora.es.html,0
https://www.booking.com/hotel/fr/pacific-montmartre-nord.es.html,0
https://www.booking.com/hotel/fr/grand-des-balcons.es.html,0
https://www.booking.com/hotel/fr/luxury-3-bedroom-2-bathroom-apartment-with-ac-louvre.es.html,0
https://www.booking.com/hotel/fr/apartments-ws-marais-musee-pompidou.es.html,0
https://www.booking.com/hotel/fr/sejours-affaires-paris-davout.es.html,0
